<?xml version="1.0" encoding="UTF-8"?>
<project-private xmlns="http://www.netbeans.org/ns/project-private/1">
    <editor-bookmarks xmlns="http://www.netbeans.org/ns/editor-bookmarks/2" lastBookmarkId="0"/>
    <open-files xmlns="http://www.netbeans.org/ns/projectui-open-files/2">
        <group>
            <file>file:/C:/Users/Yodi/Documents/NetBeansProjects/final/src/java/servletContact.java</file>
            <file>file:/C:/Users/Yodi/Documents/NetBeansProjects/final/web/index.html</file>
            <file>file:/C:/Users/Yodi/Documents/NetBeansProjects/final/web/buy.css</file>
            <file>file:/C:/Users/Yodi/Documents/NetBeansProjects/final/web/web.css</file>
            <file>file:/C:/Users/Yodi/Documents/NetBeansProjects/final/web/buy.html</file>
            <file>file:/C:/Users/Yodi/Documents/NetBeansProjects/final/src/java/servletBuy.java</file>
            <file>file:/C:/Users/Yodi/Documents/NetBeansProjects/final/web/web.html</file>
            <file>file:/C:/Users/Yodi/Documents/NetBeansProjects/final/web/index.css</file>
            <file>file:/C:/Users/Yodi/Documents/NetBeansProjects/final/web/login.css</file>
            <file>file:/C:/Users/Yodi/Documents/NetBeansProjects/final/web/login.html</file>
            <file>file:/C:/Users/Yodi/Documents/NetBeansProjects/final/src/java/servletRegis.java</file>
            <file>file:/C:/Users/Yodi/Documents/NetBeansProjects/final/web/Lweb.html</file>
        </group>
    </open-files>
</project-private>
